Date / Time,"Type / Ref","Related Order#","Order#","Bet#","Product","Quantity","Price","Boundary Price","SL","TP","Position Margin(GBP)","Value(GBP)","Amount(GBP)","Balance(GBP)","Amount Excluding Fee","Fee","Financing Annual Rate","Financing Amount(GBP)","Carrying Costs Annual Rate","Carrying Costs Amount(GBP)","Holding Rate","Holding Cost(GBP)","Offset(GBP)","Total(GBP)"
"07.03.2015 22:36:36","Order Cancelled","-","O4-3P-EXU3Q","-","AUD/USD","0.5","0.75654","-","-","-","-","-","-","-","",""
"07.03.2015 22:36:01","Buy Limit Order","-","O4-3P-EXU3Q","-","AUD/USD","0.5","0.75654","-","0.75554","0.75754","-","-","-","-","",""
"06.03.2015 13:31:34","Take Profit","-","O4-3P-EWGBR","T4-3P-B1PVS","EUR/USD","0.5","1.0902","-","-","-","-","5,451.00","24.85","125.75","",""
"06.03.2015 13:31:07","SE Order Sell Bet","-","O4-3P-EWGBR","T4-3P-B1P7B","EUR/USD","0.5","1.09517","-","1.09717","1.09020","-","5,475.85","0.00","-","",""
"06.03.2015 13:30:11","Stop Loss","-","O4-3P-EWG9P","T4-3P-B1P19","EUR/USD","0.5","1.09648","-","-","-","-","5,482.40","-16.50","100.90","",""
"06.03.2015 13:30:04","SE Order Buy Bet","-","O4-3P-EWG9P","T4-3P-B1P0P","EUR/USD","0.5","1.09978","-","1.09778","1.10300","-","5,498.90","0.00","-","",""
"06.03.2015 13:29:48","Buy SE Order Modified","-","O4-3P-EWG9P","-","EUR/USD","0.5","1.0997","-","1.09770","1.10300","-","-","-","-","",""
"06.03.2015 13:29:29","Buy SE Order Modified","-","O4-3P-EWG9P","-","EUR/USD","0.5","1.0995","-","1.09750","1.10300","-","-","-","-","",""
"06.03.2015 13:28:49","Buy SE Order Modified","-","O4-3P-EWG9P","-","EUR/USD","0.5","1.099","-","1.09700","1.10300","-","-","-","-","",""
"06.03.2015 13:28:28","Buy SE Order Modified","-","O4-3P-EWG9P","-","EUR/USD","0.5","1.1","-","1.09800","1.10300","-","-","-","-","",""
"06.03.2015 13:28:18","Buy SE Order Modified","-","O4-3P-EWG9P","-","EUR/USD","0.5","1.099","-","1.09700","1.10300","-","-","-","-","",""
"06.03.2015 13:28:04","Sell SE Order Modified","-","O4-3P-EWGBR","-","EUR/USD","0.5","1.0952","-","1.09720","1.09020","-","-","-","-","",""
"06.03.2015 13:28:04","Take Profit Modified","O4-3P-EWGBT","O4-3P-EWGBR","-","EUR/USD","0.5","1.0952","-","-","1.09020","-","-","-","-","",""
"06.03.2015 13:27:07","Buy SE Order Modified","-","O4-3P-EWG9P","-","EUR/USD","0.5","1.0982","-","1.09620","1.10300","-","-","-","-","",""
"06.03.2015 13:26:54","Take Profit Modified","O4-3P-EWG9R","O4-3P-EWG9P","-","EUR/USD","0.5","1.098","-","-","1.10300","-","-","-","-","",""
"06.03.2015 13:26:54","Buy SE Order Modified","-","O4-3P-EWG9P","-","EUR/USD","0.5","1.098","-","1.09600","1.10300","-","-","-","-","",""
"06.03.2015 13:26:12","Take Profit Modified","O4-3P-EWGBT","O4-3P-EWGBR","-","EUR/USD","0.5","1.0948","-","-","1.08980","-","-","-","-","",""
"06.03.2015 13:26:12","Sell SE Order Modified","-","O4-3P-EWGBR","-","EUR/USD","0.5","1.0948","-","1.09680","1.08980","-","-","-","-","",""
"06.03.2015 13:24:20","Order Cancelled","-","O4-3P-EWGGC","-","CAD/EUR","0.5","0.729438","-","-","-","-","-","-","-","",""
"06.03.2015 13:23:21","Sell SE Order","-","O4-3P-EWGGC","-","CAD/EUR","0.5","0.729438","-","0.73143","0.72443","-","-","-","-","",""
"06.03.2015 13:20:26","Sell SE Order","-","O4-3P-EWGBR","-","EUR/USD","0.5","1.090864","-","1.09286","1.08586","-","-","-","-","",""
"06.03.2015 13:19:31","Buy SE Order","-","O4-3P-EWG9P","-","EUR/USD","0.5","1.106121","-","1.10412","1.11112","-","-","-","-","",""
"06.03.2015 08:15:39","Order Cancelled","-","O4-3P-EVUF9","-","USD/CHF","0.5","0.976","-","-","-","-","-","-","-","",""
"06.03.2015 08:15:17","Buy SE Order Modified","-","O4-3P-EVUF9","-","USD/CHF","0.5","0.976","-","0.97400","0.97950","-","-","-","-","",""
"06.03.2015 08:14:52","Buy SE Order","-","O4-3P-EVUF9","-","USD/CHF","0.5","0.9775","-","0.97550","0.97950","-","-","-","-","",""
"05.03.2015 15:01:11","Order Cancelled","-","O4-3P-EUVBM","-","CAD/USD","0.5","0.8035","-","-","-","-","-","-","-","",""
"05.03.2015 15:00:39","Order Cancelled","-","O4-3P-EUVDF","-","CAD/USD","0.5","0.8005","-","-","-","-","-","-","-","",""
"05.03.2015 14:59:12","Sell SE Order Modified","-","O4-3P-EUVDF","-","CAD/USD","0.5","0.8005","-","0.80250","0.79750","-","-","-","-","",""
"05.03.2015 14:58:59","Buy SE Order Modified","-","O4-3P-EUVBM","-","CAD/USD","0.5","0.8035","-","0.80150","0.80750","-","-","-","-","",""
"05.03.2015 14:57:12","Take Profit Modified","O4-3P-EUVDH","O4-3P-EUVDF","-","CAD/USD","0.5","0.801","-","-","0.79750","-","-","-","-","",""
"05.03.2015 14:57:01","Take Profit Modified","O4-3P-EUVBP","O4-3P-EUVBM","-","CAD/USD","0.5","0.804","-","-","0.80750","-","-","-","-","",""
"05.03.2015 14:55:50","Sell SE Order","-","O4-3P-EUVDF","-","CAD/USD","0.5","0.801","-","0.80300","0.79700","-","-","-","-","",""
"05.03.2015 14:55:12","Buy SE Order","-","O4-3P-EUVBM","-","CAD/USD","0.5","0.804","-","0.80200","0.81200","-","-","-","-","",""
"05.03.2015 13:30:58","Order Cancelled","-","O4-3P-EUFT1","-","AUD/USD","0.5","0.778","-","-","-","-","-","-","-","",""
"05.03.2015 13:30:22","Sell SE Order Modified","-","O4-3P-EUFT1","-","AUD/USD","0.5","0.778","-","0.78000","-","-","-","-","-","",""
"05.03.2015 13:29:56","Sell SE Order Modified","-","O4-3P-EUFT1","-","AUD/USD","0.5","0.7782","-","0.78020","-","-","-","-","-","",""
"05.03.2015 13:28:45","Sell SE Order","-","O4-3P-EUFT1","-","AUD/USD","0.5","0.777879","-","0.77987","-","-","-","-","-","",""
"05.03.2015 12:45:45","Order Cancelled","-","O4-3P-EUBYF","-","EUR/USD","0.5","1.103","-","-","-","-","-","-","-","",""
"05.03.2015 12:45:27","Sell SE Order Modified","-","O4-3P-EUBYF","-","EUR/USD","0.5","1.103","-","1.10500","1.09900","-","-","-","-","",""
"05.03.2015 12:45:10","Sell SE Order","-","O4-3P-EUBYF","-","EUR/USD","0.5","1.1","-","1.10200","1.09900","-","-","-","-","",""
"05.03.2015 12:00:30","Order Cancelled","-","O4-3P-EU9LR","-","GBP/CAD","0.5","1.8944","-","-","-","-","-","-","-","",""
"05.03.2015 11:59:32","Buy SE Order Modified","-","O4-3P-EU9LR","-","GBP/CAD","0.5","1.8944","-","1.89290","1.89640","-","-","-","-","",""
"05.03.2015 11:59:01","Buy SE Order Modified","-","O4-3P-EU9LR","-","GBP/CAD","0.5","1.8941","-","1.89260","1.89640","-","-","-","-","",""
"05.03.2015 11:57:51","Buy SE Order","-","O4-3P-EU9LR","-","GBP/CAD","0.5","1.8944","-","1.89290","1.89640","-","-","-","-","",""
"04.03.2015 15:31:09","Order Cancelled","-","O4-3P-ESVSW","-","Crude Oil Brent - Cash","0.5","59.6","-","-","-","-","-","-","-","",""
"04.03.2015 15:30:51","Buy SE Order Modified","-","O4-3P-ESVSW","-","Crude Oil Brent - Cash","0.5","59.6","-","59.400","60.350","-","-","-","-","",""
"04.03.2015 15:29:55","Buy SE Order Modified","-","O4-3P-ESVSW","-","Crude Oil Brent - Cash","0.5","59.78","-","59.580","60.350","-","-","-","-","",""
"04.03.2015 15:29:34","Buy SE Order Modified","-","O4-3P-ESVSW","-","Crude Oil Brent - Cash","0.5","59.755","-","59.555","60.350","-","-","-","-","",""
"04.03.2015 15:28:39","Buy SE Order Modified","-","O4-3P-ESVSW","-","Crude Oil Brent - Cash","0.5","59.788","-","59.588","60.350","-","-","-","-","",""
"04.03.2015 15:27:49","Buy SE Order","-","O4-3P-ESVSW","-","Crude Oil Brent - Cash","0.5","59.9","-","59.700","60.350","-","-","-","-","",""
"04.03.2015 15:01:31","Order Cancelled","-","O4-3P-ESQUV","-","GBP/USD","0.5","1.52832","-","-","-","-","-","-","-","",""
"04.03.2015 15:00:38","Order Cancelled","-","O4-3P-ESQWG","-","CAD/GBP","0.5","0.520951","-","-","-","-","-","-","-","",""
"04.03.2015 14:57:36","Sell SE Order","-","O4-3P-ESQWG","-","CAD/GBP","0.5","0.520951","-","0.52295","0.51645","-","-","-","-","",""
"04.03.2015 14:57:19","Sell SE Order","-","O4-3P-ESQUV","-","GBP/USD","0.5","1.52832","-","1.53032","1.52382","-","-","-","-","",""
"04.03.2015 14:21:28","Order Cancelled","-","O4-3P-ESF2L","-","USD/CAD","0.5","1.25376","-","-","-","-","-","-","-","",""
"04.03.2015 13:16:20","Buy SE Order Modified","-","O4-3P-ESF2L","-","USD/CAD","0.5","1.25376","-","1.25176","1.25776","-","-","-","-","",""
"04.03.2015 13:12:46","Buy SE Order","-","O4-3P-ESF2L","-","USD/CAD","0.5","1.25276","-","1.25076","1.25776","-","-","-","-","",""
"04.03.2015 09:30:33","Order Cancelled","-","O4-3P-ES2CM","-","GBP/USD","0.5","1.53766","-","-","-","-","-","-","-","",""
"04.03.2015 09:28:27","Buy SE Order","-","O4-3P-ES2CM","-","GBP/USD","0.5","1.53766","-","1.53566","1.54146","-","-","-","-","",""
"04.03.2015 01:45:42","Order Cancelled","-","O4-3P-ERLE9","-","AUD/USD","0.5","0.781442","-","-","-","-","-","-","-","",""
"04.03.2015 01:41:47","Sell SE Order","-","O4-3P-ERLE9","-","AUD/USD","0.5","0.781442","-","0.78344","0.77740","-","-","-","-","",""
"03.03.2015 21:33:19","Order Cancelled","-","O4-3P-ERFD8","-","Crude Oil Brent - Cash","0.5","60.34","-","-","-","-","-","-","-","",""
"03.03.2015 21:28:46","Sell SE Order Modified","-","O4-3P-ERFD8","-","Crude Oil Brent - Cash","0.5","60.34","-","60.540","59.550","-","-","-","-","",""
"03.03.2015 21:26:46","Sell SE Order Modified","-","O4-3P-ERFD8","-","Crude Oil Brent - Cash","0.5","60.32","-","60.520","59.550","-","-","-","-","",""
"03.03.2015 21:25:21","Take Profit Modified","O4-3P-ERFDA","O4-3P-ERFD8","-","Crude Oil Brent - Cash","0.5","60.3","-","-","59.550","-","-","-","-","",""
"03.03.2015 21:23:52","Sell SE Order","-","O4-3P-ERFD8","-","Crude Oil Brent - Cash","0.5","60.3","-","60.500","59.200","-","-","-","-","",""
"03.03.2015 03:29:51","Order Cancelled","-","O4-3P-EPS27","-","AUD/USD","0.5","0.776567","-","-","-","-","-","-","-","",""
"03.03.2015 03:28:58","Sell SE Order","-","O4-3P-EPS27","-","AUD/USD","0.5","0.776567","-","0.77856","-","-","-","-","-","",""
"01.03.2015 05:02:44","Deactivated","-","-","-","US Shares Feed","-","-","-","-","-","-","-","-","-","",""
"01.03.2015 00:01:37","Deactivated","-","-","-","UK Shares Feed","-","-","-","-","-","-","-","-","-","",""
"26.02.2015 23:37:21","Order Cancelled","-","O4-3P-EL7TT","-","USD/JPY","0.5","119.477","-","-","-","-","-","-","-","",""
"26.02.2015 23:30:55","Buy SE Order Modified","-","O4-3P-EL7TT","-","USD/JPY","0.5","119.477","-","119.277","120.000","-","-","-","-","",""
"26.02.2015 23:27:12","Buy SE Order","-","O4-3P-EL7TT","-","USD/JPY","0.5","119.488","-","119.288","120.000","-","-","-","-","",""
"26.02.2015 13:31:47","Close Bet","O4-3P-EK8VM","O4-3P-EK98R","T4-3P-AS6NE","CAD/JPY","0.5","95.627","-","-","-","-","4,781.35","4.60","117.40","",""
"26.02.2015 13:30:00","SE Order Buy Bet","-","O4-3P-EK8VM","T4-3P-AS6EH","CAD/JPY","0.5","95.535","-","95.335","96.000","-","4,776.75","0.00","-","",""
"26.02.2015 13:23:56","Buy SE Order","-","O4-3P-EK8VM","-","CAD/JPY","0.5","95.522","-","95.322","96.000","-","-","-","-","",""
"26.02.2015 00:30:06","Stop Loss","-","O4-3P-EHFV6","T4-3P-ARM01","AUD/USD","0.5","0.78801","-","-","-","-","3,940.05","-6.70","112.80","",""
"26.02.2015 00:30:06","SE Order Sell Bet","-","O4-3P-EHFV6","T4-3P-ARLYU","AUD/USD","0.5","0.78667","-","0.78717","0.78304","-","3,933.35","0.00","-","",""
"26.02.2015 00:23:05","Sell SE Order Modified","-","O4-3P-EHFV6","-","AUD/USD","0.5","0.78688","-","0.78738","0.78304","-","-","-","-","",""
"26.02.2015 00:23:05","Take Profit Modified","O4-3P-EHFV8","O4-3P-EHFV6","-","AUD/USD","0.5","0.78688","-","-","0.78304","-","-","-","-","",""
"26.02.2015 00:09:01","Sell SE Order","-","O4-3P-EHFV6","-","AUD/USD","0.5","0.787224","-","0.78772","0.78305","-","-","-","-","",""
"25.02.2015 21:45:35","Order Cancelled","-","O4-3P-EHDQ6","-","NZD/GBP","1","0.4848","-","-","-","-","-","-","-","",""
"25.02.2015 21:45:11","Stop Loss","-","O4-3P-EHDPK","T4-3P-ARKCG","NZD/GBP","1","0.48604","-","-","-","-","4,860.40","-12.40","119.50","",""
"25.02.2015 21:45:11","SE Order Buy Bet","-","O4-3P-EHDPK","T4-3P-ARKCD","NZD/GBP","1","0.48728","-","0.48628","-","-","4,872.80","0.00","-","",""
"25.02.2015 21:44:40","Buy SE Order Modified","-","O4-3P-EHDPK","-","NZD/GBP","1","0.487","-","0.48600","-","-","-","-","-","",""
"25.02.2015 21:44:20","Buy SE Order Modified","-","O4-3P-EHDPK","-","NZD/GBP","1","0.4875","-","0.48650","-","-","-","-","-","",""
"25.02.2015 21:43:57","Buy SE Order Modified","-","O4-3P-EHDPK","-","NZD/GBP","1","0.4885","-","0.48750","-","-","-","-","-","",""
"25.02.2015 21:43:42","Sell SE Order","-","O4-3P-EHDQ6","-","NZD/GBP","1","0.4848","-","0.48580","-","-","-","-","-","",""
"25.02.2015 21:42:18","Buy SE Order","-","O4-3P-EHDPK","-","NZD/GBP","1","0.4875","-","0.48650","-","-","-","-","-","",""
"25.02.2015 15:30:51","Order Cancelled","-","O4-3P-EGXLE","-","Crude Oil Brent - Cash","0.5","57.7","-","-","-","-","-","-","-","",""
"25.02.2015 15:30:47","Order Cancelled","-","O4-3P-EGXKV","-","Crude Oil Brent - Cash","0.5","58.7","-","-","-","-","-","-","-","",""
"25.02.2015 15:27:49","Sell SE Order","-","O4-3P-EGXLE","-","Crude Oil Brent - Cash","0.5","57.7","-","57.800","-","-","-","-","-","",""
"25.02.2015 15:27:16","Buy SE Order","-","O4-3P-EGXKV","-","Crude Oil Brent - Cash","0.5","58.7","-","58.600","-","-","-","-","-","",""
"25.02.2015 15:00:45","Close Bet","O4-3P-EGVFA","O4-3P-EGVNS","T4-3P-AR4UL","USD/JPY","0.5","118.993","-","-","-","-","5,949.65","-0.90","131.90","",""
"25.02.2015 14:59:55","SE Order Sell Bet","-","O4-3P-EGVFA","T4-3P-AR4R4","USD/JPY","0.5","118.975","-","119.025","-","-","5,948.75","0.00","-","",""
"25.02.2015 14:59:35","Sell SE Order Modified","-","O4-3P-EGVFA","-","USD/JPY","0.5","118.975","-","119.025","-","-","-","-","-","",""
"25.02.2015 14:58:23","Sell SE Order Modified","-","O4-3P-EGVFA","-","USD/JPY","0.5","118.95","-","119.000","-","-","-","-","-","",""
"25.02.2015 14:58:02","Sell SE Order","-","O4-3P-EGVFA","-","USD/JPY","0.5","118.95","-","119.000","118.700","-","-","-","-","",""
"25.02.2015 10:24:41","Order Cancelled","-","O4-3P-EGEHM","-","GBP/USD","1","1.5525","-","-","-","-","-","-","-","",""
"25.02.2015 10:05:59","Buy SE Order Modified","-","O4-3P-EGEHM","-","GBP/USD","1","1.5525","-","1.55200","-","-","-","-","-","",""
"25.02.2015 10:05:26","Buy SE Order Modified","-","O4-3P-EGEHM","-","GBP/USD","1","1.55275","-","1.55225","-","-","-","-","-","",""
"25.02.2015 10:02:25","Buy SE Order Modified","-","O4-3P-EGEHM","-","GBP/USD","1","1.553","-","1.55250","-","-","-","-","-","",""
"25.02.2015 09:57:45","Buy SE Order","-","O4-3P-EGEHM","-","GBP/USD","1","1.5533","-","1.55280","-","-","-","-","-","",""
"25.02.2015 09:30:48","Order Cancelled","-","O4-3P-EGCRL","-","GBP/USD","1","1.553","-","-","-","-","-","-","-","",""
"25.02.2015 09:29:54","Buy SE Order Modified","-","O4-3P-EGCRL","-","GBP/USD","1","1.553","-","1.55250","-","-","-","-","-","",""
"25.02.2015 09:29:25","Buy SE Order Modified","-","O4-3P-EGCRL","-","GBP/USD","1","1.5528","-","1.55230","-","-","-","-","-","",""
"25.02.2015 09:28:53","Buy SE Order","-","O4-3P-EGCRL","-","GBP/USD","1","1.553","-","1.55250","-","-","-","-","-","",""
"25.02.2015 01:46:49","Close Bet","O4-3P-EFXT4","O4-3P-EFXW4","T4-3P-AQFD9","AUD/USD","0.5","0.78785","-","-","-","-","3,939.25","7.05","132.80","",""
"25.02.2015 01:45:26","Order Cancelled","-","O4-3P-EFXSF","-","AUD/USD","0.5","0.785","-","-","-","-","-","-","-","",""
"25.02.2015 01:45:00","SE Order Buy Bet","-","O4-3P-EFXT4","T4-3P-AQF7E","AUD/USD","0.5","0.78644","-","0.78544","-","-","3,932.20","0.00","-","",""
"25.02.2015 01:44:50","Sell SE Order Modified","-","O4-3P-EFXSF","-","AUD/USD","0.5","0.785","-","0.78600","-","-","-","-","-","",""
"25.02.2015 01:44:28","Buy SE Order","-","O4-3P-EFXT4","-","AUD/USD","0.5","0.786","-","0.78500","-","-","-","-","-","",""
"25.02.2015 01:43:36","Sell SE Order","-","O4-3P-EFXSF","-","AUD/USD","0.5","0.7845","-","0.78550","-","-","-","-","-","",""
"24.02.2015 21:31:05","Order Cancelled","-","O4-3P-EFTQ5","-","Crude Oil Brent - Cash","3","57.92","-","-","-","-","-","-","-","",""
"24.02.2015 21:30:04","Order Rejected: Insufficient Funds","-","O4-3P-EFTPV","-","Crude Oil Brent - Cash","3","57.78","-","-","-","-","-","-","-","",""
"24.02.2015 21:29:58","Buy SE Order","-","O4-3P-EFTQ5","-","Crude Oil Brent - Cash","3","57.92","-","57.820","-","-","-","-","-","",""
"24.02.2015 21:29:28","Sell SE Order","-","O4-3P-EFTPV","-","Crude Oil Brent - Cash","3","57.78","-","57.840","-","-","-","-","-","",""
"24.02.2015 15:10:28","Order Cancelled","-","O4-3P-EF4GD","-","USD/JPY","0.5","119.5","-","-","-","-","-","-","-","",""
"24.02.2015 15:10:24","Order Cancelled","-","O4-3P-EF43Q","-","USD/JPY","0.5","119.9","-","-","-","-","-","-","-","",""
"24.02.2015 15:05:46","Take Profit Modified","O4-3P-EF4GF","O4-3P-EF4GD","-","USD/JPY","0.5","119.5","-","-","119.100","-","-","-","-","",""
"24.02.2015 15:05:23","Take Profit Modified","O4-3P-EF43S","O4-3P-EF43Q","-","USD/JPY","0.5","119.9","-","-","120.300","-","-","-","-","",""
"24.02.2015 15:04:08","Sell SE Order","-","O4-3P-EF4GD","-","USD/JPY","0.5","119.5","-","119.600","119.000","-","-","-","-","",""
"24.02.2015 15:03:15","Take Profit Modified","O4-3P-EF43S","O4-3P-EF43Q","-","USD/JPY","0.5","119.9","-","-","120.500","-","-","-","-","",""
"24.02.2015 15:03:15","Buy SE Order Modified","-","O4-3P-EF43Q","-","USD/JPY","0.5","119.9","-","119.800","120.500","-","-","-","-","",""
"24.02.2015 15:01:59","Buy SE Order","-","O4-3P-EF43Q","-","USD/JPY","0.5","120","-","119.900","121.000","-","-","-","-","",""
"24.02.2015 15:00:08","Stop Loss","-","O4-3P-EF2KQ","T4-3P-APSS2","USD/JPY","0.5","119.617","-","-","-","-","5,980.85","-1.40","125.75","",""
"24.02.2015 14:59:58","SE Order Buy Bet","-","O4-3P-EF2KQ","T4-3P-APSQ5","USD/JPY","0.5","119.645","-","119.545","-","-","5,982.25","0.00","-","",""
"24.02.2015 14:57:40","Buy SE Order Modified","-","O4-3P-EF2KQ","-","USD/JPY","0.5","119.62","-","119.520","-","-","-","-","-","",""
"24.02.2015 14:45:31","Buy SE Order Modified","-","O4-3P-EF2KQ","-","USD/JPY","0.5","119.59","-","119.490","-","-","-","-","-","",""
"24.02.2015 14:44:23","Buy SE Order","-","O4-3P-EF2KQ","-","USD/JPY","0.5","119.62","-","119.520","-","-","-","-","-","",""
"24.02.2015 13:02:13","Order Cancelled","-","O4-3P-EEWC1","-","USD/HUF","0.5","270.1","-","-","-","-","-","-","-","",""
"24.02.2015 12:59:10","Buy SE Order Modified","-","O4-3P-EEWC1","-","USD/HUF","0.5","270.1","-","270.000","-","-","-","-","-","",""
"24.02.2015 12:56:31","Buy SE Order","-","O4-3P-EEWC1","-","USD/HUF","0.5","270.2","-","270.100","-","-","-","-","-","",""
"24.02.2015 10:24:28","Order Cancelled","-","O4-3P-EENFF","-","GBP/USD","0.5","1.5455","-","-","-","-","-","-","-","",""
"24.02.2015 10:21:39","Buy SE Order Modified","-","O4-3P-EENFF","-","GBP/USD","0.5","1.5455","-","1.54450","1.55300","-","-","-","-","",""
"24.02.2015 10:19:56","Order Cancelled","-","O4-3P-EENGN","-","GBP/USD","0.5","1.54","-","-","-","-","-","-","-","",""
"24.02.2015 10:19:41","Buy SE Order Modified","-","O4-3P-EENFF","-","GBP/USD","0.5","1.545","-","1.54400","1.55300","-","-","-","-","",""
"24.02.2015 10:04:03","Take Profit Modified","O4-3P-EENFH","O4-3P-EENFF","-","GBP/USD","0.5","1.548","-","-","1.55300","-","-","-","-","",""
"24.02.2015 10:02:06","Sell SE Order Modified","-","O4-3P-EENGN","-","GBP/USD","0.5","1.54","-","1.54100","1.53500","-","-","-","-","",""
"24.02.2015 10:01:57","Buy SE Order Modified","-","O4-3P-EENFF","-","GBP/USD","0.5","1.548","-","1.54700","1.55500","-","-","-","-","",""
"24.02.2015 10:00:47","Sell SE Order","-","O4-3P-EENGN","-","GBP/USD","0.5","1.54","-","1.54100","1.53500","-","-","-","-","",""
"24.02.2015 10:00:05","Buy SE Order","-","O4-3P-EENFF","-","GBP/USD","0.5","1.548","-","1.54700","1.55500","-","-","-","-","",""
"20.02.2015 20:26:28","Order Cancelled","-","O4-3P-EC9DW","-","EUR/USD","2","1.14","-","-","-","-","-","-","-","",""
"20.02.2015 20:16:48","Buy SE Order","-","O4-3P-EC9DW","-","EUR/USD","2","1.14","-","1.13950","-","-","-","-","-","",""
"20.02.2015 20:13:23","Order Cancelled","-","O4-3P-EC8C0","-","EUR/USD","2","1.1385","-","-","-","-","-","-","-","",""
"20.02.2015 20:13:19","Order Cancelled","-","O4-3P-EC0XD","-","EUR/USD","2","1.1415","-","-","-","-","-","-","-","",""
"20.02.2015 20:04:33","Sell SE Order Modified","-","O4-3P-EC8C0","-","EUR/USD","2","1.1385","-","1.13900","-","-","-","-","-","",""
"20.02.2015 20:04:16","Sell SE Order","-","O4-3P-EC8C0","-","EUR/USD","2","1.1385","-","1.13900","-","-","-","-","-","",""
"20.02.2015 20:02:27","Buy SE Order Modified","-","O4-3P-EC0XD","-","EUR/USD","2","1.1415","-","1.14100","-","-","-","-","-","",""
"20.02.2015 20:01:46","Order Cancelled","-","O4-3P-EC0SE","-","EUR/USD","2","1.138","-","-","-","-","-","-","-","",""
"20.02.2015 19:51:24","Sell SE Order Modified","-","O4-3P-EC0SE","-","EUR/USD","2","1.138","-","1.13850","-","-","-","-","-","",""
"20.02.2015 19:51:14","Buy SE Order Modified","-","O4-3P-EC0XD","-","EUR/USD","2","1.142","-","1.14150","-","-","-","-","-","",""
"20.02.2015 19:47:14","Buy SE Order Modified","-","O4-3P-EC0XD","-","EUR/USD","2","1.1425","-","1.14200","-","-","-","-","-","",""
"20.02.2015 19:36:24","Buy SE Order Modified","-","O4-3P-EC0XD","-","EUR/USD","2","1.143","-","1.14250","-","-","-","-","-","",""
"20.02.2015 19:36:10","Sell SE Order Modified","-","O4-3P-EC0SE","-","EUR/USD","2","1.139","-","1.13950","-","-","-","-","-","",""
"20.02.2015 19:29:14","Buy SE Order Modified","-","O4-3P-EC0XD","-","EUR/USD","2","1.1425","-","1.14200","-","-","-","-","-","",""
"20.02.2015 19:18:47","Sell SE Order Modified","-","O4-3P-EC0SE","-","EUR/USD","2","1.138","-","1.13850","-","-","-","-","-","",""
"20.02.2015 19:18:24","Buy SE Order Modified","-","O4-3P-EC0XD","-","EUR/USD","2","1.142","-","1.14150","-","-","-","-","-","",""
"20.02.2015 18:50:03","Buy SE Order Modified","-","O4-3P-EC0XD","-","EUR/USD","2","1.141","-","1.14050","-","-","-","-","-","",""
"20.02.2015 18:49:48","Sell SE Order Modified","-","O4-3P-EC0SE","-","EUR/USD","2","1.137","-","1.13750","-","-","-","-","-","",""
"20.02.2015 18:47:34","Sell SE Order Modified","-","O4-3P-EC0SE","-","EUR/USD","2","1.138","-","1.13850","-","-","-","-","-","",""
"20.02.2015 18:47:27","Buy SE Order Modified","-","O4-3P-EC0XD","-","EUR/USD","2","1.142","-","1.14150","-","-","-","-","-","",""
"20.02.2015 18:39:51","Buy SE Order Modified","-","O4-3P-EC0XD","-","EUR/USD","2","1.142","-","1.14150","-","-","-","-","-","",""
"20.02.2015 18:39:37","Sell SE Order Modified","-","O4-3P-EC0SE","-","EUR/USD","2","1.138","-","1.13850","-","-","-","-","-","",""
"20.02.2015 18:36:09","Sell SE Order Modified","-","O4-3P-EC0SE","-","EUR/USD","2","1.1385","-","1.13900","-","-","-","-","-","",""
"20.02.2015 18:36:00","Buy SE Order Modified","-","O4-3P-EC0XD","-","EUR/USD","2","1.1425","-","1.14200","-","-","-","-","-","",""
"20.02.2015 18:33:43","Buy SE Order Modified","-","O4-3P-EC0XD","-","EUR/USD","2","1.142","-","1.14150","-","-","-","-","-","",""
"20.02.2015 18:33:33","Sell SE Order Modified","-","O4-3P-EC0SE","-","EUR/USD","2","1.138","-","1.13850","-","-","-","-","-","",""
"20.02.2015 18:30:28","Sell SE Order Modified","-","O4-3P-EC0SE","-","EUR/USD","2","1.1385","-","1.13900","-","-","-","-","-","",""
"20.02.2015 18:28:25","Sell SE Order Modified","-","O4-3P-EC0SE","-","EUR/USD","2","1.139","-","1.13950","-","-","-","-","-","",""
"20.02.2015 18:28:02","Buy SE Order Modified","-","O4-3P-EC0XD","-","EUR/USD","2","1.1435","-","1.14300","-","-","-","-","-","",""
"20.02.2015 18:25:31","Buy SE Order Modified","-","O4-3P-EC0XD","-","EUR/USD","2","1.144","-","1.14350","-","-","-","-","-","",""
"20.02.2015 18:25:15","Sell SE Order Modified","-","O4-3P-EC0SE","-","EUR/USD","2","1.14","-","1.14050","-","-","-","-","-","",""
"20.02.2015 18:20:45","Sell SE Order Modified","-","O4-3P-EC0SE","-","EUR/USD","2","1.139","-","1.13950","-","-","-","-","-","",""
"20.02.2015 18:19:54","Buy SE Order Modified","-","O4-3P-EC0XD","-","EUR/USD","2","1.1435","-","1.14300","-","-","-","-","-","",""
"20.02.2015 18:15:27","Buy SE Order Modified","-","O4-3P-EC0XD","-","EUR/USD","2","1.143","-","1.14250","-","-","-","-","-","",""
"20.02.2015 18:15:18","Sell SE Order Modified","-","O4-3P-EC0SE","-","EUR/USD","2","1.138","-","1.13850","-","-","-","-","-","",""
"20.02.2015 18:13:16","Sell SE Order Modified","-","O4-3P-EC0SE","-","EUR/USD","2","1.1385","-","1.13900","-","-","-","-","-","",""
"20.02.2015 18:13:01","Buy SE Order Modified","-","O4-3P-EC0XD","-","EUR/USD","2","1.1435","-","1.14300","-","-","-","-","-","",""
"20.02.2015 18:10:34","Buy SE Order Modified","-","O4-3P-EC0XD","-","EUR/USD","2","1.1425","-","1.14200","-","-","-","-","-","",""
"20.02.2015 18:10:22","Sell SE Order Modified","-","O4-3P-EC0SE","-","EUR/USD","2","1.1375","-","1.13800","-","-","-","-","-","",""
"20.02.2015 18:07:08","Sell SE Order Modified","-","O4-3P-EC0SE","-","EUR/USD","2","1.1385","-","1.13900","-","-","-","-","-","",""
"20.02.2015 18:06:58","Buy SE Order Modified","-","O4-3P-EC0XD","-","EUR/USD","2","1.1435","-","1.14300","-","-","-","-","-","",""
"20.02.2015 18:03:35","Buy SE Order Modified","-","O4-3P-EC0XD","-","EUR/USD","2","1.1425","-","1.14200","-","-","-","-","-","",""
"20.02.2015 18:03:29","Sell SE Order Modified","-","O4-3P-EC0SE","-","EUR/USD","2","1.1375","-","1.13800","-","-","-","-","-","",""
"20.02.2015 18:03:00","Take Profit Modified","O4-3P-EC0XF","O4-3P-EC0XD","-","EUR/USD","2","1.1425","-","-","1.14500","-","-","-","-","",""
"20.02.2015 18:03:00","Buy SE Order Modified","-","O4-3P-EC0XD","-","EUR/USD","2","1.1425","-","1.14200","1.14500","-","-","-","-","",""
"20.02.2015 18:01:30","Buy SE Order","-","O4-3P-EC0XD","-","EUR/USD","2","1.145","-","1.14450","1.14750","-","-","-","-","",""
"20.02.2015 17:59:08","Sell SE Order","-","O4-3P-EC0SE","-","EUR/USD","2","1.1375","-","1.13800","1.13400","-","-","-","-","",""
"20.02.2015 16:04:11","Order Cancelled","-","O4-3P-EBBDF","-","EUR/USD","2","1.126","-","-","-","-","-","-","-","",""
"20.02.2015 14:46:04","Order Cancelled","-","O4-3P-EBH5E","-","GBP/USD","0.5","1.5465","-","-","-","-","-","-","-","",""
"20.02.2015 14:45:13","Buy SE Order Modified","-","O4-3P-EBH5E","-","GBP/USD","0.5","1.5465","-","1.54550","-","-","-","-","-","",""
"20.02.2015 14:44:09","Buy SE Order","-","O4-3P-EBH5E","-","GBP/USD","0.5","1.547","-","1.54600","-","-","-","-","-","",""
"20.02.2015 14:41:02","Sell SE Order Modified","-","O4-3P-EBBDF","-","EUR/USD","2","1.126","-","1.12650","1.11500","-","-","-","-","",""
"20.02.2015 13:30:00","Stop Loss","-","O4-3P-EBBY6","T4-3P-AM0FP","CAD/USD","0.5","0.80097","-","-","-","-","4,004.85","-6.50","127.15","",""
"20.02.2015 13:29:57","SE Order Buy Bet","-","O4-3P-EBBY6","T4-3P-AM0FF","CAD/USD","0.5","0.80227","-","0.80127","0.80600","-","4,011.35","0.00","-","",""
"20.02.2015 13:29:12","Buy SE Order Modified","-","O4-3P-EBBY6","-","CAD/USD","0.5","0.80225","-","0.80125","0.80600","-","-","-","-","",""
"20.02.2015 13:28:27","Buy SE Order","-","O4-3P-EBBY6","-","CAD/USD","0.5","0.80275","-","0.80175","0.80600","-","-","-","-","",""
"20.02.2015 13:23:46","Take Profit Modified","O4-3P-EBBDH","O4-3P-EBBDF","-","EUR/USD","2","1.126","-","-","1.11500","-","-","-","-","",""
"20.02.2015 13:22:09","Sell SE Order","-","O4-3P-EBBDF","-","EUR/USD","2","1.126","-","1.12650","1.12000","-","-","-","-","",""
"20.02.2015 13:16:25","Stop Loss","-","O4-3P-EB72Y","T4-3P-ALYLC","EUR/USD","5","1.12872","-","-","-","-","56,436.00","10.00","133.65","",""
"20.02.2015 13:15:55","SE Order Sell Bet","-","O4-3P-EB72Y","T4-3P-ALYGY","EUR/USD","5","1.12892","-","1.12942","1.11500","-","56,446.00","0.00","-","",""
"20.02.2015 12:57:23","Sell SE Order Modified","-","O4-3P-EB72Y","-","EUR/USD","5","1.129","-","1.12950","1.11500","-","-","-","-","",""
"20.02.2015 12:42:34","Sell SE Order Modified","-","O4-3P-EB72Y","-","EUR/USD","5","1.13","-","1.13050","1.11500","-","-","-","-","",""
"20.02.2015 12:30:16","Sell SE Order Modified","-","O4-3P-EB72Y","-","EUR/USD","5","1.129","-","1.12950","1.11500","-","-","-","-","",""
"20.02.2015 12:27:21","Take Profit Modified","O4-3P-EB731","O4-3P-EB72Y","-","EUR/USD","5","1.128","-","-","1.11500","-","-","-","-","",""
"20.02.2015 12:26:42","Sell SE Order","-","O4-3P-EB72Y","-","EUR/USD","5","1.128","-","1.12850","1.12000","-","-","-","-","",""
"20.02.2015 09:34:25","Order Cancelled","-","O4-3P-EAU4Y","-","GBP/USD","1","1.5375","-","-","-","-","-","-","-","",""
"20.02.2015 09:28:37","Buy SE Order","-","O4-3P-EAU4Y","-","GBP/USD","1","1.5375","-","1.53700","1.54000","-","-","-","-","",""
"20.02.2015 08:31:52","Order Cancelled","-","O4-3P-EAQM7","-","Germany 30 - Cash","1","10,978","-","-","-","-","-","-","-","",""
"20.02.2015 08:31:22","Order Cancelled","-","O4-3P-EAQMC","-","EUR/USD","1","1.134","-","-","-","-","-","-","-","",""
"20.02.2015 08:29:18","Buy SE Order Modified","-","O4-3P-EAQMC","-","EUR/USD","1","1.134","-","1.13300","-","-","-","-","-","",""
"20.02.2015 08:28:30","Buy SE Order","-","O4-3P-EAQMC","-","EUR/USD","1","1.134","-","1.13300","1.13400","-","-","-","-","",""
"20.02.2015 08:28:27","Buy SE Order","-","O4-3P-EAQM7","-","Germany 30 - Cash","1","10,978","-","10,973.0","11,000.0","-","-","-","-","",""
"19.02.2015 16:01:46","Order Cancelled","-","O4-3P-EA07S","-","Crude Oil Brent - Cash","1","57.2","-","-","-","-","-","-","-","",""
"19.02.2015 15:57:38","Sell SE Order","-","O4-3P-EA07S","-","Crude Oil Brent - Cash","1","57.2","-","57.300","-","-","-","-","-","",""
"19.02.2015 13:31:55","Order Cancelled","-","O4-3P-E9NF2","-","GBP/USD","0.5","1.54025","-","-","-","-","-","-","-","",""
"19.02.2015 13:29:07","Sell SE Order","-","O4-3P-E9NF2","-","GBP/USD","0.5","1.54025","-","1.54125","1.53600","-","-","-","-","",""
"19.02.2015 12:46:32","Stop Loss","-","O4-3P-E9GXF","T4-3P-AKMWX","EUR/GBP","1","0.73692","-","-","-","-","7,369.20","-10.40","123.65","",""
"19.02.2015 12:30:37","SE Order Sell Bet","-","O4-3P-E9GXF","T4-3P-AKLMU","EUR/GBP","1","0.73588","-","0.73688","-","-","7,358.80","0.00","-","",""
"19.02.2015 12:29:57","Sell SE Order Modified","-","O4-3P-E9GXF","-","EUR/GBP","1","0.7359","-","0.73690","-","-","-","-","-","",""
"19.02.2015 12:28:17","Sell SE Order Modified","-","O4-3P-E9GXF","-","EUR/GBP","1","0.73575","-","0.73675","-","-","-","-","-","",""
"19.02.2015 12:27:06","Sell SE Order","-","O4-3P-E9GXF","-","EUR/GBP","1","0.7355","-","0.73650","-","-","-","-","-","",""
"18.02.2015 19:01:45","Stop Loss","-","O4-3P-E85T2","T4-3P-AHKMW","GBP/USD","0.5","1.54573","-","-","-","-","7,728.65","13.85","134.05","",""
"18.02.2015 19:00:04","SE Order Buy Bet","-","O4-3P-E85T2","T4-3P-AHHWQ","GBP/USD","0.5","1.54296","-","1.54196","1.54800","-","7,714.80","0.00","-","",""
"18.02.2015 18:59:38","Buy SE Order Modified","-","O4-3P-E85T2","-","GBP/USD","0.5","1.5429","-","1.54190","1.54800","-","-","-","-","",""
"18.02.2015 18:57:24","Buy SE Order Modified","-","O4-3P-E85T2","-","GBP/USD","0.5","1.5428","-","1.54180","1.54800","-","-","-","-","",""
"18.02.2015 18:56:07","Buy SE Order Modified","-","O4-3P-E85T2","-","GBP/USD","0.5","1.543","-","1.54200","1.54800","-","-","-","-","",""
"18.02.2015 18:51:03","Buy SE Order Modified","-","O4-3P-E85T2","-","GBP/USD","0.5","1.545","-","1.54400","1.54800","-","-","-","-","",""
"18.02.2015 18:49:59","Buy SE Order","-","O4-3P-E85T2","-","GBP/USD","0.5","1.5435","-","1.54250","1.54800","-","-","-","-","",""
"18.02.2015 13:30:58","Close Bet","O4-3P-E7Q54","O4-3P-E7Q7L","T4-3P-AH6AT","USD/JPY","0.5","119.24","-","-","-","-","5,962.00","0.25","120.20","",""
"18.02.2015 13:29:53","SE Order Sell Bet","-","O4-3P-E7Q54","T4-3P-AH68W","USD/JPY","0.5","119.245","-","119.345","119.100","-","5,962.25","0.00","-","",""
"18.02.2015 13:29:28","Sell SE Order","-","O4-3P-E7Q54","-","USD/JPY","0.5","119.25","-","119.350","119.100","-","-","-","-","",""
"18.02.2015 09:32:29","Close Bet","O4-3P-E7AXH","O4-3P-E7B91","T4-3P-AGWR3","EUR/GBP","1","0.73964","-","-","-","-","7,396.40","13.60","119.95","",""
"18.02.2015 09:30:03","SE Order Sell Bet","-","O4-3P-E7AXH","T4-3P-AGWHB","EUR/GBP","1","0.741","-","0.74200","0.73700","-","7,410.00","0.00","-","",""
"18.02.2015 09:27:52","Sell SE Order","-","O4-3P-E7AXH","-","EUR/GBP","1","0.741","-","0.74200","0.73700","-","-","-","-","",""
"18.02.2015 00:00:50","Order Cancelled","-","O4-3P-E6WDL","-","USD/RUB","1","63","-","-","-","-","-","-","-","",""
"17.02.2015 23:52:20","Sell SE Order","-","O4-3P-E6WDL","-","USD/RUB","1","63","-","63.100","62.500","-","-","-","-","",""
"17.02.2015 13:23:43","Close Bet","O4-3P-E5W8A","O4-3P-E5XM8","T4-3P-AFVV3","ZAR/GBP","0.5","0.0561","-","-","-","-","2,805.00","-4.00","106.35","",""
"17.02.2015 13:18:51","Buy Bet Modified","-","O4-3P-E5W8A","T4-3P-AFUWU","ZAR/GBP","0.5","0.05618","-","0.056080","0.056190","-","-","0.00","-","",""
"17.02.2015 13:18:27","Stop Loss Modified","O4-3P-E5W8B","O4-3P-E5W8A","-","ZAR/GBP","0.5","0.05618","-","0.056080","-","-","-","-","-","",""
"17.02.2015 12:58:39","Stop Loss Modified","O4-3P-E5W8B","O4-3P-E5W8A","-","ZAR/GBP","0.5","0.05618","-","0.055950","-","-","-","-","-","",""
"17.02.2015 12:58:04","SE Order Buy Bet","-","O4-3P-E5W8A","T4-3P-AFUWU","ZAR/GBP","0.5","0.05618","-","0.056080","-","-","2,809.00","0.00","-","",""
"17.02.2015 12:58:03","Buy SE Order Modified","-","O4-3P-E5W8A","-","ZAR/GBP","0.5","0.05618","-","0.056080","-","-","-","-","-","",""
"17.02.2015 12:57:31","Buy SE Order","-","O4-3P-E5W8A","-","ZAR/GBP","0.5","0.0562","-","0.056100","-","-","-","-","-","",""
"17.02.2015 12:54:19","Payments In","-","331219060","CD-124143694","Account","-","-","-","-","-","-","-","50.00","110.35","50.00","0.00"
"17.02.2015 10:03:19","Close Bet","O4-3P-E5H90","O4-3P-E5HLP","T4-3P-AFL4N","Germany 30 - Cash","0.5","10,850.6","-","-","-","-","5,425.30","1.20","60.35","",""
"17.02.2015 10:00:30","SE Order Buy Bet","-","O4-3P-E5H90","T4-3P-AFKXH","Germany 30 - Cash","0.5","10,848.2","-","10,838.2","-","-","5,424.10","0.00","-","",""
"17.02.2015 10:00:16","Stop Loss Modified","O4-3P-E5H91","O4-3P-E5H90","-","Germany 30 - Cash","0.5","10,848","-","10,838.0","-","-","-","-","-","",""
"17.02.2015 09:59:41","Buy SE Order","-","O4-3P-E5H90","-","Germany 30 - Cash","0.5","10,848","-","10,830.0","-","-","-","-","-","",""
"17.02.2015 09:43:28","Close Bet","O4-3P-E5EKW","O4-3P-E5G5A","T4-3P-AFK28","GBP/USD","0.5","1.53638","-","-","-","-","7,681.90","4.35","59.15","",""
"17.02.2015 09:31:54","Take Profit Modified","O4-3P-E5EKY","O4-3P-E5EKW","-","GBP/USD","0.5","1.5355","-","-","1.54000","-","-","-","-","",""
"17.02.2015 09:31:25","Stop Loss Modified","O4-3P-E5EKX","O4-3P-E5EKW","-","GBP/USD","0.5","1.5355","-","1.53258","-","-","-","-","-","",""
"17.02.2015 09:31:06","Stop Loss Modified","O4-3P-E5EKX","O4-3P-E5EKW","-","GBP/USD","0.5","1.5355","-","1.53164","-","-","-","-","-","",""
"17.02.2015 09:30:44","SE Order Buy Bet","-","O4-3P-E5EKW","T4-3P-AFH07","GBP/USD","0.5","1.53551","-","1.53351","1.54300","-","7,677.55","0.00","-","",""
"17.02.2015 09:29:28","Buy SE Order Modified","-","O4-3P-E5EKW","-","GBP/USD","0.5","1.5355","-","1.53350","1.54300","-","-","-","-","",""
"17.02.2015 09:28:55","Buy SE Order","-","O4-3P-E5EKW","-","GBP/USD","0.5","1.5359","-","1.53390","1.54300","-","-","-","-","",""
"17.02.2015 00:30:14","Stop Loss","-","O4-3P-E51L4","T4-3P-AF70F","AUD/USD","2","0.77497","-","-","-","-","15,499.40","3.20","54.80","",""
"17.02.2015 00:30:08","SE Order Sell Bet","-","O4-3P-E51L4","T4-3P-AF6XP","AUD/USD","2","0.77513","-","0.77563","0.77400","-","15,502.60","0.00","-","",""
"17.02.2015 00:29:23","Sell SE Order","-","O4-3P-E51L4","-","AUD/USD","2","0.7753","-","0.77580","0.77400","-","-","-","-","",""
"16.02.2015 15:29:28","Order Rejected: Insufficient Funds","-","O4-3P-E4K9Q","-","USD/RUB","0.5","-","-","-","-","-","-","-","-","",""
"16.02.2015 08:23:00","Order Rejected: Insufficient Funds","-","O4-3P-E3YL0","-","USD/RUB","0.5","-","-","-","-","-","-","-","-","",""
